mean,Date,year,month,day
83.83999999999996,2017-12-01,2017,12,1
80.57833333333333,2017-12-02,2017,12,2
76.28625000000001,2017-12-03,2017,12,3
72.4491666666667,2017-12-04,2017,12,4
77.44874999999999,2017-12-05,2017,12,5
78.34708333333334,2017-12-06,2017,12,6
81.15250000000002,2017-12-07,2017,12,7
81.57958333333335,2017-12-08,2017,12,8
85.32666666666664,2017-12-09,2017,12,9
85.63333333333328,2017-12-10,2017,12,10
91.1041666666667,2017-12-11,2017,12,11
85.20583333333335,2017-12-12,2017,12,12
89.1091666666667,2017-12-13,2017,12,13
83.61833333333335,2017-12-14,2017,12,14
77.22083333333333,2017-12-15,2017,12,15
81.88333333333333,2017-12-16,2017,12,16
77.15583333333333,2017-12-17,2017,12,17
91.49249999999999,2017-12-18,2017,12,18
89.66000000000001,2017-12-19,2017,12,19
101.45666666666665,2017-12-20,2017,12,20
106.92000000000003,2017-12-21,2017,12,21
114.0533333333333,2017-12-22,2017,12,22
116.22916666666663,2017-12-23,2017,12,23
121.53416666666665,2017-12-24,2017,12,24
126.28250000000001,2017-12-25,2017,12,25
139.34416666666667,2017-12-26,2017,12,26
144.5699999999999,2017-12-27,2017,12,27
142.92416666666662,2017-12-28,2017,12,28
145.49958333333328,2017-12-29,2017,12,29
162.96416666666676,2017-12-30,2017,12,30
150.8600000000001,2017-12-31,2017,12,31
121.03458333333337,2018-01-01,2018,1,1
136.31749999999997,2018-01-02,2018,1,2
135.04208333333335,2018-01-03,2018,1,3
144.26916666666662,2018-01-04,2018,1,4
136.4058333333334,2018-01-05,2018,1,5
136.3266666666667,2018-01-06,2018,1,6
133.05166666666665,2018-01-07,2018,1,7
132.0641666666667,2018-01-08,2018,1,8
134.23583333333332,2018-01-09,2018,1,9
134.31666666666672,2018-01-10,2018,1,10
134.68249999999995,2018-01-11,2018,1,11
133.4416666666667,2018-01-12,2018,1,12
131.55499999999998,2018-01-13,2018,1,13
129.27666666666676,2018-01-14,2018,1,14
114.52958333333335,2018-01-15,2018,1,15
125.97833333333334,2018-01-16,2018,1,16
120.93875000000001,2018-01-17,2018,1,17
121.46166666666666,2018-01-18,2018,1,18
122.10166666666665,2018-01-19,2018,1,19
116.54916666666664,2018-01-20,2018,1,20
94.12083333333334,2018-01-21,2018,1,21
118.13166666666672,2018-01-22,2018,1,22
115.38874999999996,2018-01-23,2018,1,23
113.09791666666668,2018-01-24,2018,1,24
114.19000000000005,2018-01-25,2018,1,25
112.67583333333339,2018-01-26,2018,1,26
120.26249999999997,2018-01-27,2018,1,27
115.50083333333333,2018-01-28,2018,1,28
120.73416666666664,2018-01-29,2018,1,29
119.19791666666669,2018-01-30,2018,1,30
121.9154166666667,2018-01-31,2018,1,31
138.67333333333332,2018-02-01,2018,2,1
134.0183333333334,2018-02-02,2018,2,2
148.9808333333334,2018-02-03,2018,2,3
146.01,2018-02-04,2018,2,4
147.30416666666667,2018-02-05,2018,2,5
130.64125,2018-02-06,2018,2,6
149.76916666666673,2018-02-07,2018,2,7
132.59416666666664,2018-02-08,2018,2,8
133.9720833333333,2018-02-09,2018,2,9
131.155,2018-02-10,2018,2,10
133.67916666666665,2018-02-11,2018,2,11
135.8283333333333,2018-02-12,2018,2,12
133.93333333333334,2018-02-13,2018,2,13
134.10125,2018-02-14,2018,2,14
137.2516666666667,2018-02-15,2018,2,15
138.3066666666667,2018-02-16,2018,2,16
131.91791666666674,2018-02-17,2018,2,17
127.2458333333333,2018-02-18,2018,2,18
136.67249999999999,2018-02-19,2018,2,19
141.09000000000003,2018-02-20,2018,2,20
158.3795833333334,2018-02-21,2018,2,21
146.9941666666667,2018-02-22,2018,2,22
143.6833333333334,2018-02-23,2018,2,23
139.3425,2018-02-24,2018,2,24
142.33374999999998,2018-02-25,2018,2,25
150.60499999999996,2018-02-26,2018,2,26
150.34250000000006,2018-02-27,2018,2,27
146.20583333333337,2018-02-28,2018,2,28
138.67583333333337,2018-03-01,2018,3,1
152.41249999999994,2018-03-02,2018,3,2
153.65666666666664,2018-03-03,2018,3,3
174.5729166666667,2018-03-04,2018,3,4
182.80499999999995,2018-03-05,2018,3,5
177.89333333333335,2018-03-06,2018,3,6
180.07333333333338,2018-03-07,2018,3,7
177.4041666666667,2018-03-08,2018,3,8
178.68916666666678,2018-03-09,2018,3,9
184.5249999999999,2018-03-10,2018,3,10
189.5383333333333,2018-03-11,2018,3,11
204.13083333333324,2018-03-12,2018,3,12
207.84249999999994,2018-03-13,2018,3,13
212.69416666666666,2018-03-14,2018,3,14
205.12291666666667,2018-03-15,2018,3,15
199.64125000000004,2018-03-16,2018,3,16
186.04500000000007,2018-03-17,2018,3,17
177.1966666666667,2018-03-18,2018,3,18
166.435,2018-03-19,2018,3,19
172.28083333333333,2018-03-20,2018,3,20
165.05333333333326,2018-03-21,2018,3,21
154.1466666666667,2018-03-22,2018,3,22
144.7241666666666,2018-03-23,2018,3,23
141.8308333333334,2018-03-24,2018,3,24
152.87166666666664,2018-03-25,2018,3,25
167.2216666666666,2018-03-26,2018,3,26
174.13,2018-03-27,2018,3,27
178.61625,2018-03-28,2018,3,28
167.05083333333343,2018-03-29,2018,3,29
115.50750000000001,2018-03-30,2018,3,30
153.33416666666668,2018-03-31,2018,3,31
117.94083333333337,2018-04-01,2018,4,1
153.96,2018-04-02,2018,4,2
149.7366666666667,2018-04-03,2018,4,3
138.79375000000002,2018-04-04,2018,4,4
130.02916666666667,2018-04-05,2018,4,5
111.57666666666664,2018-04-06,2018,4,6
119.66375000000001,2018-04-07,2018,4,7
101.72833333333331,2018-04-08,2018,4,8
108.21333333333338,2018-04-09,2018,4,9
113.08166666666665,2018-04-10,2018,4,10
137.97499999999997,2018-04-11,2018,4,11
113.73666666666668,2018-04-12,2018,4,12
120.85583333333335,2018-04-13,2018,4,13
116.615,2018-04-14,2018,4,14
102.40916666666668,2018-04-15,2018,4,15
121.55666666666663,2018-04-16,2018,4,16
123.04291666666661,2018-04-17,2018,4,17
131.3716666666667,2018-04-18,2018,4,18
127.01499999999993,2018-04-19,2018,4,19
116.15999999999997,2018-04-20,2018,4,20
78.23166666666667,2018-04-21,2018,4,21
84.27583333333334,2018-04-22,2018,4,22
121.91833333333335,2018-04-23,2018,4,23
134.71166666666662,2018-04-24,2018,4,24
127.78000000000004,2018-04-25,2018,4,25
110.4466666666667,2018-04-26,2018,4,26
102.92000000000003,2018-04-27,2018,4,27
88.84333333333335,2018-04-28,2018,4,28
70.71833333333333,2018-04-29,2018,4,29
94.7316666666667,2018-04-30,2018,4,30
77.58166666666669,2018-05-01,2018,5,1
82.80500000000005,2018-05-02,2018,5,2
78.22583333333331,2018-05-03,2018,5,3
70.83666666666669,2018-05-04,2018,5,4
80.08916666666663,2018-05-05,2018,5,5
76.86083333333336,2018-05-06,2018,5,6
86.97375000000001,2018-05-07,2018,5,7
109.93499999999999,2018-05-08,2018,5,8
76.20458333333337,2018-05-09,2018,5,9
74.6058333333333,2018-05-10,2018,5,10
71.18874999999998,2018-05-11,2018,5,11
66.62874999999998,2018-05-12,2018,5,12
66.85833333333335,2018-05-13,2018,5,13
66.9325,2018-05-14,2018,5,14
64.73958333333333,2018-05-15,2018,5,15
65.77749999999997,2018-05-16,2018,5,16
70.77499999999999,2018-05-17,2018,5,17
69.29875000000003,2018-05-18,2018,5,18
68.7154166666667,2018-05-19,2018,5,19
65.26208333333334,2018-05-20,2018,5,20
68.78833333333328,2018-05-21,2018,5,21
69.73791666666666,2018-05-22,2018,5,22
72.76249999999999,2018-05-23,2018,5,23
74.1566666666667,2018-05-24,2018,5,24
74.87166666666668,2018-05-25,2018,5,25
89.93249999999999,2018-05-26,2018,5,26
77.21666666666667,2018-05-27,2018,5,27
70.18666666666665,2018-05-28,2018,5,28
69.12291666666664,2018-05-29,2018,5,29
69.39083333333332,2018-05-30,2018,5,30
102.19583333333333,2018-05-31,2018,5,31
72.76249999999997,2018-06-01,2018,6,1
71.43249999999999,2018-06-02,2018,6,2
69.31083333333332,2018-06-03,2018,6,3
70.48875,2018-06-04,2018,6,4
71.93458333333331,2018-06-05,2018,6,5
65.87916666666663,2018-06-06,2018,6,6
69.75833333333328,2018-06-07,2018,6,7
75.17291666666664,2018-06-08,2018,6,8
76.47125000000004,2018-06-09,2018,6,9
75.63916666666667,2018-06-10,2018,6,10
69.20999999999997,2018-06-11,2018,6,11
69.94833333333331,2018-06-12,2018,6,12
69.5995833333333,2018-06-13,2018,6,13
69.76500000000003,2018-06-14,2018,6,14
77.49208333333335,2018-06-15,2018,6,15
72.04458333333332,2018-06-16,2018,6,16
68.59333333333335,2018-06-17,2018,6,17
69.83749999999999,2018-06-18,2018,6,18
70.34499999999998,2018-06-19,2018,6,19
70.40416666666667,2018-06-20,2018,6,20
70.49916666666664,2018-06-21,2018,6,21
72.03833333333337,2018-06-22,2018,6,22
72.50625000000002,2018-06-23,2018,6,23
72.13375000000002,2018-06-24,2018,6,24
102.7758333333333,2018-06-25,2018,6,25
89.6604166666667,2018-06-26,2018,6,26
78.59250000000004,2018-06-27,2018,6,27
89.52583333333335,2018-06-28,2018,6,28
71.35541666666668,2018-06-29,2018,6,29
72.83166666666665,2018-06-30,2018,6,30
72.42999999999999,2018-07-01,2018,7,1
68.64791666666663,2018-07-02,2018,7,2
67.55208333333336,2018-07-03,2018,7,3
76.66166666666665,2018-07-04,2018,7,4
69.00166666666668,2018-07-05,2018,7,5
71.24250000000002,2018-07-06,2018,7,6
70.82333333333332,2018-07-07,2018,7,7
72.14833333333333,2018-07-08,2018,7,8
101.45583333333333,2018-07-09,2018,7,9
101.66416666666669,2018-07-10,2018,7,10
88.79333333333334,2018-07-11,2018,7,11
71.99541666666669,2018-07-12,2018,7,12
95.59083333333335,2018-07-13,2018,7,13
68.01291666666665,2018-07-14,2018,7,14
72.35625,2018-07-15,2018,7,15
71.50958333333332,2018-07-16,2018,7,16
76.4029166666667,2018-07-17,2018,7,17
88.81333333333329,2018-07-18,2018,7,18
108.64791666666669,2018-07-19,2018,7,19
74.38333333333331,2018-07-20,2018,7,20
76.89083333333336,2018-07-21,2018,7,21
70.66125,2018-07-22,2018,7,22
104.97708333333337,2018-07-23,2018,7,23
73.71666666666668,2018-07-24,2018,7,24
101.45083333333336,2018-07-25,2018,7,25
72.76666666666667,2018-07-26,2018,7,26
86.68625000000002,2018-07-27,2018,7,27
72.54041666666664,2018-07-28,2018,7,28
77.54166666666669,2018-07-29,2018,7,29
79.98833333333329,2018-07-30,2018,7,30
71.21416666666666,2018-07-31,2018,7,31
91.35541666666667,2018-08-01,2018,8,1
109.86874999999998,2018-08-02,2018,8,2
84.63750000000003,2018-08-03,2018,8,3
78.04958333333335,2018-08-04,2018,8,4
73.28541666666665,2018-08-05,2018,8,5
72.68249999999999,2018-08-06,2018,8,6
72.19583333333334,2018-08-07,2018,8,7
96.16416666666667,2018-08-08,2018,8,8
110.93499999999999,2018-08-09,2018,8,9
96.29791666666667,2018-08-10,2018,8,10
109.97125,2018-08-11,2018,8,11
81.16000000000001,2018-08-12,2018,8,12
127.64041666666667,2018-08-13,2018,8,13
118.28041666666661,2018-08-14,2018,8,14
92.29750000000001,2018-08-15,2018,8,15
98.52166666666669,2018-08-16,2018,8,16
103.32791666666662,2018-08-17,2018,8,17
75.38833333333336,2018-08-18,2018,8,18
77.0133333333333,2018-08-19,2018,8,19
80.05583333333331,2018-08-20,2018,8,20
88.18583333333338,2018-08-21,2018,8,21
105.82458333333334,2018-08-22,2018,8,22
133.3579166666667,2018-08-23,2018,8,23
114.18166666666667,2018-08-24,2018,8,24
98.56875000000004,2018-08-25,2018,8,25
76.47583333333337,2018-08-26,2018,8,26
76.74374999999996,2018-08-27,2018,8,27
77.09249999999997,2018-08-28,2018,8,28
83.65499999999999,2018-08-29,2018,8,29
104.19499999999998,2018-08-30,2018,8,30
138.54666666666665,2018-08-31,2018,8,31
118.5895833333333,2018-09-01,2018,9,1
77.22625000000001,2018-09-02,2018,9,2
85.66999999999997,2018-09-03,2018,9,3
116.30666666666667,2018-09-04,2018,9,4
119.23916666666662,2018-09-05,2018,9,5
97.96874999999996,2018-09-06,2018,9,6
73.43999999999998,2018-09-07,2018,9,7
71.28166666666665,2018-09-08,2018,9,8
73.95125,2018-09-09,2018,9,9
77.2220833333333,2018-09-10,2018,9,10
80.0845833333333,2018-09-11,2018,9,11
94.13708333333335,2018-09-12,2018,9,12
89.94624999999996,2018-09-13,2018,9,13
83.58166666666666,2018-09-14,2018,9,14
75.38958333333333,2018-09-15,2018,9,15
76.80333333333336,2018-09-16,2018,9,16
111.95249999999999,2018-09-17,2018,9,17
96.26083333333338,2018-09-18,2018,9,18
103.16708333333334,2018-09-19,2018,9,19
88.65041666666669,2018-09-20,2018,9,20
92.04916666666668,2018-09-21,2018,9,21
90.1291666666667,2018-09-22,2018,9,22
93.53749999999997,2018-09-23,2018,9,23
107.91916666666663,2018-09-24,2018,9,24
141.69999999999996,2018-09-25,2018,9,25
141.01999999999995,2018-09-26,2018,9,26
133.95833333333334,2018-09-27,2018,9,27
144.6216666666667,2018-09-28,2018,9,28
154.86666666666665,2018-09-29,2018,9,29
132.29874999999996,2018-09-30,2018,9,30
162.12208333333334,2018-10-01,2018,10,1
173.085,2018-10-02,2018,10,2
156.20333333333338,2018-10-03,2018,10,3
132.51458333333335,2018-10-04,2018,10,4
129.81458333333336,2018-10-05,2018,10,5
104.98708333333332,2018-10-06,2018,10,6
98.66499999999995,2018-10-07,2018,10,7
107.63791666666668,2018-10-08,2018,10,8
96.12958333333334,2018-10-09,2018,10,9
75.90708333333332,2018-10-10,2018,10,10
83.64250000000003,2018-10-11,2018,10,11
82.71208333333335,2018-10-12,2018,10,12
74.38833333333334,2018-10-13,2018,10,13
72.43791666666668,2018-10-14,2018,10,14
94.30916666666663,2018-10-15,2018,10,15
121.47624999999995,2018-10-16,2018,10,16
133.41999999999996,2018-10-17,2018,10,17
139.405,2018-10-18,2018,10,18
120.30125,2018-10-19,2018,10,19
97.22833333333334,2018-10-20,2018,10,20
87.29166666666667,2018-10-21,2018,10,21
115.03291666666672,2018-10-22,2018,10,22
106.03000000000002,2018-10-23,2018,10,23
147.13500000000008,2018-10-24,2018,10,24
155.57083333333335,2018-10-25,2018,10,25
127.47249999999993,2018-10-26,2018,10,26
141.31499999999997,2018-10-27,2018,10,27
143.10458333333338,2018-10-28,2018,10,28
180.4375,2018-10-29,2018,10,29
159.31958333333333,2018-10-30,2018,10,30
158.5741666666667,2018-10-31,2018,10,31
158.49916666666667,2018-11-01,2018,11,1
162.0149999999999,2018-11-02,2018,11,2
134.55458333333334,2018-11-03,2018,11,3
115.20166666666665,2018-11-04,2018,11,4
112.46500000000002,2018-11-05,2018,11,5
112.90499999999999,2018-11-06,2018,11,6
96.47125,2018-11-07,2018,11,7
91.19583333333334,2018-11-08,2018,11,8
98.35291666666664,2018-11-09,2018,11,9
92.98583333333333,2018-11-10,2018,11,10
84.83291666666663,2018-11-11,2018,11,11
82.22416666666668,2018-11-12,2018,11,12
90.9020833333333,2018-11-13,2018,11,13
108.47708333333328,2018-11-14,2018,11,14
87.41208333333334,2018-11-15,2018,11,15
92.5525,2018-11-16,2018,11,16
97.0333333333333,2018-11-17,2018,11,17
101.09624999999998,2018-11-18,2018,11,18
99.87416666666667,2018-11-19,2018,11,19
108.44750000000005,2018-11-20,2018,11,20
92.96999999999996,2018-11-21,2018,11,21
101.27749999999996,2018-11-22,2018,11,22
99.00916666666667,2018-11-23,2018,11,23
96.18708333333336,2018-11-24,2018,11,24
98.01583333333332,2018-11-25,2018,11,25
102.72541666666666,2018-11-26,2018,11,26
94.82916666666665,2018-11-27,2018,11,27
108.11416666666672,2018-11-28,2018,11,28
104.10999999999997,2018-11-29,2018,11,29
98.84458333333333,2018-11-30,2018,11,30
88.45999999999998,2018-12-01,2018,12,1
89.57374999999998,2018-12-02,2018,12,2
95.51333333333334,2018-12-03,2018,12,3
101.11583333333333,2018-12-04,2018,12,4
92.61291666666666,2018-12-05,2018,12,5
107.97666666666669,2018-12-06,2018,12,6
115.63583333333331,2018-12-07,2018,12,7
108.72333333333334,2018-12-08,2018,12,8
136.6433333333333,2018-12-09,2018,12,9
151.22625000000002,2018-12-10,2018,12,10
179.14874999999995,2018-12-11,2018,12,11
177.59333333333336,2018-12-12,2018,12,12
190.84000000000006,2018-12-13,2018,12,13
194.27000000000007,2018-12-14,2018,12,14
198.10333333333335,2018-12-15,2018,12,15
201.81583333333336,2018-12-16,2018,12,16
200.1149999999999,2018-12-17,2018,12,17
201.5983333333334,2018-12-18,2018,12,18
209.60416666666666,2018-12-19,2018,12,19
222.79166666666654,2018-12-20,2018,12,20
224.1004166666667,2018-12-21,2018,12,21
231.0945833333333,2018-12-22,2018,12,22
236.9966666666667,2018-12-23,2018,12,23
236.38166666666675,2018-12-24,2018,12,24
158.87291666666673,2018-12-25,2018,12,25
244.81791666666663,2018-12-26,2018,12,26
269.05875000000003,2018-12-27,2018,12,27
295.85000000000014,2018-12-28,2018,12,28
301.0591666666667,2018-12-29,2018,12,29
325.26333333333343,2018-12-30,2018,12,30
344.58666666666664,2018-12-31,2018,12,31
295.30375000000004,2019-01-01,2019,1,1
335.84958333333356,2019-01-02,2019,1,2
371.5166666666668,2019-01-03,2019,1,3
375.7495833333333,2019-01-04,2019,1,4
359.6495833333333,2019-01-05,2019,1,5
314.05916666666656,2019-01-06,2019,1,6
334.11166666666674,2019-01-07,2019,1,7
358.8991666666666,2019-01-08,2019,1,8
323.30249999999995,2019-01-09,2019,1,9
330.52083333333337,2019-01-10,2019,1,10
342.8929166666667,2019-01-11,2019,1,11
292.2941666666666,2019-01-12,2019,1,12
256.05333333333334,2019-01-13,2019,1,13
268.31750000000005,2019-01-14,2019,1,14
252.35124999999994,2019-01-15,2019,1,15
220.20624999999998,2019-01-16,2019,1,16
244.1866666666668,2019-01-17,2019,1,17
218.08041666666668,2019-01-18,2019,1,18
191.21833333333336,2019-01-19,2019,1,19
169.3383333333334,2019-01-20,2019,1,20
196.05541666666667,2019-01-21,2019,1,21
217.64541666666662,2019-01-22,2019,1,22
222.35500000000005,2019-01-23,2019,1,23
291.02541666666656,2019-01-24,2019,1,24
326.92833333333346,2019-01-25,2019,1,25
286.31208333333325,2019-01-26,2019,1,26
240.3508333333334,2019-01-27,2019,1,27
306.2383333333332,2019-01-28,2019,1,28
296.87333333333345,2019-01-29,2019,1,29
298.4500000000001,2019-01-30,2019,1,30
311.99833333333333,2019-01-31,2019,1,31
310.6283333333334,2019-02-01,2019,2,1
275.7366666666666,2019-02-02,2019,2,2
279.1795833333333,2019-02-03,2019,2,3
291.4645833333332,2019-02-04,2019,2,4
304.82166666666654,2019-02-05,2019,2,5
312.72375,2019-02-06,2019,2,6
272.7150000000001,2019-02-07,2019,2,7
265.75166666666667,2019-02-08,2019,2,8
276.45000000000005,2019-02-09,2019,2,9
262.7620833333333,2019-02-10,2019,2,10
247.4883333333332,2019-02-11,2019,2,11
246.60291666666663,2019-02-12,2019,2,12
248.09916666666672,2019-02-13,2019,2,13
257.08,2019-02-14,2019,2,14
326.3949999999999,2019-02-15,2019,2,15
274.13916666666677,2019-02-16,2019,2,16
257.38208333333324,2019-02-17,2019,2,17
337.0666666666668,2019-02-18,2019,2,18
371.48166666666685,2019-02-19,2019,2,19
350.1325,2019-02-20,2019,2,20
348.16416666666674,2019-02-21,2019,2,21
376.9224999999999,2019-02-22,2019,2,22
378.2258333333334,2019-02-23,2019,2,23
322.58666666666664,2019-02-24,2019,2,24
361.72624999999994,2019-02-25,2019,2,25
292.07374999999996,2019-02-26,2019,2,26
338.38291666666663,2019-02-27,2019,2,27
310.9820833333334,2019-02-28,2019,2,28
319.55999999999995,2019-03-01,2019,3,1
333.5737500000001,2019-03-02,2019,3,2
296.6491666666666,2019-03-03,2019,3,3
322.16125000000017,2019-03-04,2019,3,4
317.9300000000001,2019-03-05,2019,3,5
320.6525,2019-03-06,2019,3,6
307.68874999999997,2019-03-07,2019,3,7
309.24750000000006,2019-03-08,2019,3,8
292.15625,2019-03-09,2019,3,9
272.95458333333346,2019-03-10,2019,3,10
278.10625,2019-03-11,2019,3,11
275.985,2019-03-12,2019,3,12
255.4429166666666,2019-03-13,2019,3,13
239.08041666666665,2019-03-14,2019,3,14
232.3891666666666,2019-03-15,2019,3,15
259.4750000000001,2019-03-16,2019,3,16
215.97375000000002,2019-03-17,2019,3,17
272.1508333333334,2019-03-18,2019,3,18
284.9583333333333,2019-03-19,2019,3,19
264.4637500000001,2019-03-20,2019,3,20
262.82124999999996,2019-03-21,2019,3,21
250.75916666666663,2019-03-22,2019,3,22
204.5545833333333,2019-03-23,2019,3,23
184.47958333333335,2019-03-24,2019,3,24
212.6575,2019-03-25,2019,3,25
249.11833333333342,2019-03-26,2019,3,26
246.01916666666673,2019-03-27,2019,3,27
226.5625,2019-03-28,2019,3,28
224.2508333333334,2019-03-29,2019,3,29
211.80833333333337,2019-03-30,2019,3,30
204.96416666666673,2019-03-31,2019,3,31
236.41333333333333,2019-04-01,2019,4,1
254.335,2019-04-02,2019,4,2
231.58916666666664,2019-04-03,2019,4,3
229.29208333333338,2019-04-04,2019,4,4
240.01749999999996,2019-04-05,2019,4,5
216.34,2019-04-06,2019,4,6
220.0341666666667,2019-04-07,2019,4,7
212.88750000000005,2019-04-08,2019,4,8
208.10833333333332,2019-04-09,2019,4,9
245.1308333333334,2019-04-10,2019,4,10
265.6375000000001,2019-04-11,2019,4,11
237.78666666666663,2019-04-12,2019,4,12
219.41083333333333,2019-04-13,2019,4,13
199.9091666666666,2019-04-14,2019,4,14
218.89083333333346,2019-04-15,2019,4,15
213.27249999999995,2019-04-16,2019,4,16
161.74625,2019-04-17,2019,4,17
169.42666666666662,2019-04-18,2019,4,18
158.61708333333328,2019-04-19,2019,4,19
123.89041666666668,2019-04-20,2019,4,20
105.45166666666667,2019-04-21,2019,4,21
173.41749999999993,2019-04-22,2019,4,22
186.18833333333328,2019-04-23,2019,4,23
138.42000000000004,2019-04-24,2019,4,24
151.35750000000002,2019-04-25,2019,4,25
111.37416666666671,2019-04-26,2019,4,26
134.40000000000006,2019-04-27,2019,4,27
124.44916666666661,2019-04-28,2019,4,28
154.69583333333338,2019-04-29,2019,4,29
151.30083333333343,2019-04-30,2019,4,30
135.29416666666665,2019-05-01,2019,5,1
185.72416666666666,2019-05-02,2019,5,2
209.77000000000007,2019-05-03,2019,5,3
218.7991666666666,2019-05-04,2019,5,4
212.36833333333325,2019-05-05,2019,5,5
265.97666666666674,2019-05-06,2019,5,6
275.03666666666675,2019-05-07,2019,5,7
280.2733333333332,2019-05-08,2019,5,8
293.52124999999995,2019-05-09,2019,5,9
247.4345833333333,2019-05-10,2019,5,10
211.37166666666667,2019-05-11,2019,5,11
183.81375,2019-05-12,2019,5,12
160.4845833333333,2019-05-13,2019,5,13
155.03500000000005,2019-05-14,2019,5,14
149.56666666666672,2019-05-15,2019,5,15
163.41250000000005,2019-05-16,2019,5,16
131.54333333333332,2019-05-17,2019,5,17
131.7291666666667,2019-05-18,2019,5,18
138.0645833333333,2019-05-19,2019,5,19
148.91999999999993,2019-05-20,2019,5,20
159.96666666666673,2019-05-21,2019,5,21
138.47791666666674,2019-05-22,2019,5,22
127.7708333333333,2019-05-23,2019,5,23
116.78083333333336,2019-05-24,2019,5,24
117.77833333333332,2019-05-25,2019,5,25
111.10166666666665,2019-05-26,2019,5,26
135.73083333333335,2019-05-27,2019,5,27
134.61708333333334,2019-05-28,2019,5,28
125.18583333333338,2019-05-29,2019,5,29
135.80416666666667,2019-05-30,2019,5,30
134.57749999999993,2019-05-31,2019,5,31
129.00874999999996,2019-06-01,2019,6,1
101.3933333333333,2019-06-02,2019,6,2
105.44125000000003,2019-06-03,2019,6,3
124.78750000000004,2019-06-04,2019,6,4
153.48999999999992,2019-06-05,2019,6,5
142.37499999999997,2019-06-06,2019,6,6
123.25624999999998,2019-06-07,2019,6,7
111.58708333333333,2019-06-08,2019,6,8
102.03458333333333,2019-06-09,2019,6,9
116.1108333333333,2019-06-10,2019,6,10
120.63666666666667,2019-06-11,2019,6,11
124.08541666666667,2019-06-12,2019,6,12
88.42208333333338,2019-06-13,2019,6,13
85.01208333333334,2019-06-14,2019,6,14
85.57333333333332,2019-06-15,2019,6,15
81.71499999999999,2019-06-16,2019,6,16
96.93083333333333,2019-06-17,2019,6,17
126.87833333333337,2019-06-18,2019,6,18
136.98500000000007,2019-06-19,2019,6,19
118.87500000000001,2019-06-20,2019,6,20
125.09666666666664,2019-06-21,2019,6,21
98.2425,2019-06-22,2019,6,22
96.2941666666667,2019-06-23,2019,6,23
91.34083333333331,2019-06-24,2019,6,24
104.64750000000002,2019-06-25,2019,6,25
111.49333333333333,2019-06-26,2019,6,26
125.46750000000004,2019-06-27,2019,6,27
127.60166666666663,2019-06-28,2019,6,28
126.71625000000002,2019-06-29,2019,6,29
117.02125,2019-06-30,2019,6,30
122.48458333333333,2019-07-01,2019,7,1
134.42583333333332,2019-07-02,2019,7,2
150.81333333333333,2019-07-03,2019,7,3
143.3083333333334,2019-07-04,2019,7,4
127.89750000000002,2019-07-05,2019,7,5
114.34083333333331,2019-07-06,2019,7,6
106.47083333333335,2019-07-07,2019,7,7
108.96458333333332,2019-07-08,2019,7,8
105.48833333333333,2019-07-09,2019,7,9
122.73000000000003,2019-07-10,2019,7,10
116.80708333333338,2019-07-11,2019,7,11
130.00416666666663,2019-07-12,2019,7,12
124.06083333333333,2019-07-13,2019,7,13
118.135,2019-07-14,2019,7,14
129.37208333333334,2019-07-15,2019,7,15
130.53916666666672,2019-07-16,2019,7,16
118.73583333333336,2019-07-17,2019,7,17
131.43666666666667,2019-07-18,2019,7,18
115.72333333333329,2019-07-19,2019,7,19
112.69500000000001,2019-07-20,2019,7,20
124.16624999999999,2019-07-21,2019,7,21
129.9441666666667,2019-07-22,2019,7,22
119.51499999999999,2019-07-23,2019,7,23
119.48333333333336,2019-07-24,2019,7,24
124.38083333333331,2019-07-25,2019,7,25
118.05916666666666,2019-07-26,2019,7,26
113.00833333333331,2019-07-27,2019,7,27
106.13500000000003,2019-07-28,2019,7,28
115.06833333333334,2019-07-29,2019,7,29
131.0233333333333,2019-07-30,2019,7,30
127.03999999999998,2019-07-31,2019,7,31
134.97916666666663,2019-08-01,2019,8,1
135.70583333333332,2019-08-02,2019,8,2
129.12791666666664,2019-08-03,2019,8,3
122.36375,2019-08-04,2019,8,4
129.25083333333333,2019-08-05,2019,8,5
153.40833333333327,2019-08-06,2019,8,6
150.42583333333332,2019-08-07,2019,8,7
113.21249999999998,2019-08-08,2019,8,8
150.47875000000002,2019-08-09,2019,8,9
138.31833333333338,2019-08-10,2019,8,10
132.82916666666662,2019-08-11,2019,8,11
153.21791666666664,2019-08-12,2019,8,12
196.61333333333332,2019-08-13,2019,8,13
213.58249999999998,2019-08-14,2019,8,14
164.55416666666673,2019-08-15,2019,8,15
144.7391666666667,2019-08-16,2019,8,16
133.77166666666668,2019-08-17,2019,8,17
122.71624999999999,2019-08-18,2019,8,18
123.67333333333336,2019-08-19,2019,8,19
110.85250000000002,2019-08-20,2019,8,20
116.74249999999999,2019-08-21,2019,8,21
116.2725,2019-08-22,2019,8,22
130.04291666666663,2019-08-23,2019,8,23
104.64,2019-08-24,2019,8,24
116.92166666666672,2019-08-25,2019,8,25
165.01916666666665,2019-08-26,2019,8,26
194.08416666666668,2019-08-27,2019,8,27
185.1383333333334,2019-08-28,2019,8,28
198.03125,2019-08-29,2019,8,29
191.34499999999994,2019-08-30,2019,8,30
192.94750000000008,2019-08-31,2019,8,31
177.23083333333332,2019-09-01,2019,9,1
204.0604166666666,2019-09-02,2019,9,2
199.03874999999996,2019-09-03,2019,9,3
217.88125,2019-09-04,2019,9,4
204.2508333333334,2019-09-05,2019,9,5
177.49583333333328,2019-09-06,2019,9,6
188.4433333333333,2019-09-07,2019,9,7
181.0958333333333,2019-09-08,2019,9,8
214.81333333333328,2019-09-09,2019,9,9
264.3166666666668,2019-09-10,2019,9,10
237.77833333333342,2019-09-11,2019,9,11
257.7799999999999,2019-09-12,2019,9,12
300.72166666666675,2019-09-13,2019,9,13
271.00583333333327,2019-09-14,2019,9,14
293.5241666666669,2019-09-15,2019,9,15
338.05416666666656,2019-09-16,2019,9,16
360.6599999999999,2019-09-17,2019,9,17
357.8916666666668,2019-09-18,2019,9,18
353.6116666666666,2019-09-19,2019,9,19
338.745,2019-09-20,2019,9,20
294.51583333333326,2019-09-21,2019,9,21
298.5266666666666,2019-09-22,2019,9,22
349.14999999999986,2019-09-23,2019,9,23
374.2604166666667,2019-09-24,2019,9,24
370.80333333333334,2019-09-25,2019,9,25
313.1645833333335,2019-09-26,2019,9,26
321.0266666666668,2019-09-27,2019,9,27
333.1075000000001,2019-09-28,2019,9,28
334.8670833333335,2019-09-29,2019,9,29
414.87500000000006,2019-09-30,2019,9,30
406.86249999999995,2019-10-01,2019,10,1
416.93083333333334,2019-10-02,2019,10,2
396.1733333333334,2019-10-03,2019,10,3
362.4916666666666,2019-10-04,2019,10,4
388.01208333333335,2019-10-05,2019,10,5
370.54750000000007,2019-10-06,2019,10,6
352.95041666666674,2019-10-07,2019,10,7
397.69750000000005,2019-10-08,2019,10,8
412.545,2019-10-09,2019,10,9
385.885,2019-10-10,2019,10,10
407.5108333333333,2019-10-11,2019,10,11
373.98499999999996,2019-10-12,2019,10,12
350.3058333333333,2019-10-13,2019,10,13
409.0083333333335,2019-10-14,2019,10,14
388.5479166666667,2019-10-15,2019,10,15
401.24500000000006,2019-10-16,2019,10,16
370.2729166666666,2019-10-17,2019,10,17
395.50208333333336,2019-10-18,2019,10,18
323.07708333333335,2019-10-19,2019,10,19
287.3041666666665,2019-10-20,2019,10,20
327.6858333333333,2019-10-21,2019,10,21
271.82666666666677,2019-10-22,2019,10,22
228.42874999999995,2019-10-23,2019,10,23
251.10416666666674,2019-10-24,2019,10,24
221.23791666666668,2019-10-25,2019,10,25
183.53708333333336,2019-10-26,2019,10,26
169.0670833333334,2019-10-27,2019,10,27
165.92250000000007,2019-10-28,2019,10,28
181.96333333333334,2019-10-29,2019,10,29
183.1079166666666,2019-10-30,2019,10,30
179.17333333333337,2019-10-31,2019,10,31
196.18666666666672,2019-11-01,2019,11,1
179.5383333333333,2019-11-02,2019,11,2
191.07208333333332,2019-11-03,2019,11,3
204.61,2019-11-04,2019,11,4
200.54250000000002,2019-11-05,2019,11,5
256.2083333333333,2019-11-06,2019,11,6
260.8083333333334,2019-11-07,2019,11,7
276.67833333333346,2019-11-08,2019,11,8
266.5991666666666,2019-11-09,2019,11,9
291.4941666666667,2019-11-10,2019,11,10
295.22666666666686,2019-11-11,2019,11,11
307.6866666666668,2019-11-12,2019,11,12
238.665,2019-11-13,2019,11,13
256.70916666666665,2019-11-14,2019,11,14
188.91750000000005,2019-11-15,2019,11,15
161.44333333333336,2019-11-16,2019,11,16
171.845,2019-11-17,2019,11,17
197.04666666666665,2019-11-18,2019,11,18
230.56500000000003,2019-11-19,2019,11,19
233.05166666666676,2019-11-20,2019,11,20
227.3479166666667,2019-11-21,2019,11,21
251.51749999999996,2019-11-22,2019,11,22
237.7729166666667,2019-11-23,2019,11,23
205.10791666666668,2019-11-24,2019,11,24
234.4016666666666,2019-11-25,2019,11,25
209.87250000000003,2019-11-26,2019,11,26
241.74625000000003,2019-11-27,2019,11,27
254.3483333333334,2019-11-28,2019,11,28
269.81833333333327,2019-11-29,2019,11,29
249.98166666666657,2019-11-30,2019,11,30
217.33166666666668,2019-12-01,2019,12,1
271.57791666666674,2019-12-02,2019,12,2
271.90833333333325,2019-12-03,2019,12,3
269.9025000000001,2019-12-04,2019,12,4
223.97874999999996,2019-12-05,2019,12,5
257.71,2019-12-06,2019,12,6
260.5387499999999,2019-12-07,2019,12,7
266.7266666666668,2019-12-08,2019,12,8
305.1241666666668,2019-12-09,2019,12,9
332.9308333333333,2019-12-10,2019,12,10
358.6875,2019-12-11,2019,12,11
359.1733333333332,2019-12-12,2019,12,12
382.9833333333332,2019-12-13,2019,12,13
373.3683333333334,2019-12-14,2019,12,14
347.5087499999999,2019-12-15,2019,12,15
355.1829166666666,2019-12-16,2019,12,16
307.6245833333332,2019-12-17,2019,12,17
314.1429166666666,2019-12-18,2019,12,18
367.0083333333334,2019-12-19,2019,12,19
320.08874999999983,2019-12-20,2019,12,20
337.26000000000016,2019-12-21,2019,12,21
338.3091666666668,2019-12-22,2019,12,22
351.4808333333333,2019-12-23,2019,12,23
312.5933333333333,2019-12-24,2019,12,24
275.69458333333324,2019-12-25,2019,12,25
328.32124999999996,2019-12-26,2019,12,26
331.91916666666674,2019-12-27,2019,12,27
279.38500000000016,2019-12-28,2019,12,28
246.47333333333336,2019-12-29,2019,12,29
323.8900000000001,2019-12-30,2019,12,30
274.9516666666666,2019-12-31,2019,12,31
136.49083333333334,2020-01-01,2020,1,1
254.39916666666667,2020-01-02,2020,1,2
232.1045833333334,2020-01-03,2020,1,3
211.9416666666667,2020-01-04,2020,1,4
227.64083333333326,2020-01-05,2020,1,5
208.59833333333327,2020-01-06,2020,1,6
260.9883333333334,2020-01-07,2020,1,7
264.26416666666654,2020-01-08,2020,1,8
293.5720833333333,2020-01-09,2020,1,9
307.4925,2020-01-10,2020,1,10
292.21875,2020-01-11,2020,1,11
309.29124999999993,2020-01-12,2020,1,12
356.5091666666667,2020-01-13,2020,1,13
321.3333333333333,2020-01-14,2020,1,14
347.3454166666666,2020-01-15,2020,1,15
361.3762500000001,2020-01-16,2020,1,16
358.24499999999995,2020-01-17,2020,1,17
355.72875,2020-01-18,2020,1,18
325.15833333333325,2020-01-19,2020,1,19
418.56666666666655,2020-01-20,2020,1,20
417.49666666666667,2020-01-21,2020,1,21
379.6850000000001,2020-01-22,2020,1,22
368.3025,2020-01-23,2020,1,23
390.01333333333326,2020-01-24,2020,1,24
385.64333333333326,2020-01-25,2020,1,25
369.0200000000002,2020-01-26,2020,1,26
376.8149999999999,2020-01-27,2020,1,27
363.0883333333332,2020-01-28,2020,1,28
373.97666666666674,2020-01-29,2020,1,29
371.4075000000001,2020-01-30,2020,1,30
375.98166666666657,2020-01-31,2020,1,31
404.3233333333333,2020-02-01,2020,2,1
375.58958333333334,2020-02-02,2020,2,2
409.1166666666666,2020-02-03,2020,2,3
410.3733333333335,2020-02-04,2020,2,4
405.3149999999999,2020-02-05,2020,2,5
395.07083333333327,2020-02-06,2020,2,6
389.1616666666667,2020-02-07,2020,2,7
388.27166666666653,2020-02-08,2020,2,8
367.01000000000016,2020-02-09,2020,2,9
362.8099999999999,2020-02-10,2020,2,10
401.27833333333336,2020-02-11,2020,2,11
384.31999999999994,2020-02-12,2020,2,12
397.9299999999999,2020-02-13,2020,2,13
440.0233333333333,2020-02-14,2020,2,14
474.2316666666666,2020-02-15,2020,2,15
474.9133333333336,2020-02-16,2020,2,16
503.1066666666668,2020-02-17,2020,2,17
502.56500000000005,2020-02-18,2020,2,18
538.9816666666669,2020-02-19,2020,2,19
566.8866666666665,2020-02-20,2020,2,20
604.0650000000004,2020-02-21,2020,2,21
576.519166666667,2020-02-22,2020,2,22
470.4495833333335,2020-02-23,2020,2,23
490.49708333333325,2020-02-24,2020,2,24
445.2858333333332,2020-02-25,2020,2,25
390.45750000000015,2020-02-26,2020,2,26
306.02249999999987,2020-02-27,2020,2,27
328.5600000000002,2020-02-28,2020,2,28
281.8712500000001,2020-02-29,2020,2,29
324.37708333333336,2020-03-01,2020,3,1
402.615,2020-03-02,2020,3,2
468.8562499999999,2020-03-03,2020,3,3
457.7633333333335,2020-03-04,2020,3,4
446.7858333333334,2020-03-05,2020,3,5
410.6958333333335,2020-03-06,2020,3,6
361.40083333333337,2020-03-07,2020,3,7
358.27166666666676,2020-03-08,2020,3,8
351.1116666666666,2020-03-09,2020,3,9
354.57166666666666,2020-03-10,2020,3,10
348.74083333333346,2020-03-11,2020,3,11
338.25499999999994,2020-03-12,2020,3,12
313.7441666666668,2020-03-13,2020,3,13
299.9770833333332,2020-03-14,2020,3,14
281.9354166666667,2020-03-15,2020,3,15
316.54666666666674,2020-03-16,2020,3,16
340.9458333333333,2020-03-17,2020,3,17
361.45166666666654,2020-03-18,2020,3,18
370.78166666666675,2020-03-19,2020,3,19
371.3100000000002,2020-03-20,2020,3,20
345.60916666666657,2020-03-21,2020,3,21
348.43958333333336,2020-03-22,2020,3,22
349.5508333333332,2020-03-23,2020,3,23
361.97833333333324,2020-03-24,2020,3,24
339.40416666666675,2020-03-25,2020,3,25
321.61999999999995,2020-03-26,2020,3,26
272.40583333333325,2020-03-27,2020,3,27
232.99583333333337,2020-03-28,2020,3,28
241.91833333333332,2020-03-29,2020,3,29
227.40166666666667,2020-03-30,2020,3,30
202.7783333333333,2020-03-31,2020,3,31
204.19875000000002,2020-04-01,2020,4,1
184.33791666666673,2020-04-02,2020,4,2
169.9050000000001,2020-04-03,2020,4,3
203.68166666666664,2020-04-04,2020,4,4
254.33249999999995,2020-04-05,2020,4,5
267.0991666666668,2020-04-06,2020,4,6
255.48333333333323,2020-04-07,2020,4,7
261.9800000000001,2020-04-08,2020,4,8
232.44000000000003,2020-04-09,2020,4,9
223.26083333333324,2020-04-10,2020,4,10
245.36666666666676,2020-04-11,2020,4,11
258.77166666666665,2020-04-12,2020,4,12
236.91416666666677,2020-04-13,2020,4,13
238.17625,2020-04-14,2020,4,14
241.53666666666666,2020-04-15,2020,4,15
250.64000000000007,2020-04-16,2020,4,16
262.6033333333333,2020-04-17,2020,4,17
268.6941666666667,2020-04-18,2020,4,18
218.08875000000003,2020-04-19,2020,4,19
260.13416666666666,2020-04-20,2020,4,20
262.91749999999985,2020-04-21,2020,4,21
259.8166666666666,2020-04-22,2020,4,22
235.3245833333334,2020-04-23,2020,4,23
236.14833333333323,2020-04-24,2020,4,24
205.34583333333342,2020-04-25,2020,4,25
240.95041666666665,2020-04-26,2020,4,26
328.3133333333333,2020-04-27,2020,4,27
368.1658333333333,2020-04-28,2020,4,28
352.2625,2020-04-29,2020,4,29
337.9008333333334,2020-04-30,2020,4,30
283.00416666666655,2020-05-01,2020,5,1
315.1016666666666,2020-05-02,2020,5,2
297.53583333333336,2020-05-03,2020,5,3
307.75833333333316,2020-05-04,2020,5,4
289.32666666666665,2020-05-05,2020,5,5
275.9604166666668,2020-05-06,2020,5,6
300.7475000000001,2020-05-07,2020,5,7
324.28374999999994,2020-05-08,2020,5,8
256.1075,2020-05-09,2020,5,9
306.4466666666667,2020-05-10,2020,5,10
328.8991666666667,2020-05-11,2020,5,11
329.4341666666666,2020-05-12,2020,5,12
330.4012500000001,2020-05-13,2020,5,13
404.45999999999987,2020-05-14,2020,5,14
443.63249999999994,2020-05-15,2020,5,15
460.64208333333323,2020-05-16,2020,5,16
454.92000000000024,2020-05-17,2020,5,17
457.3079166666666,2020-05-18,2020,5,18
397.3941666666667,2020-05-19,2020,5,19
365.28333333333336,2020-05-20,2020,5,20
363.3879166666668,2020-05-21,2020,5,21
280.46750000000003,2020-05-22,2020,5,22
311.5233333333332,2020-05-23,2020,5,23
341.17,2020-05-24,2020,5,24
475.6083333333331,2020-05-25,2020,5,25
463.02333333333326,2020-05-26,2020,5,26
450.71916666666675,2020-05-27,2020,5,27
446.2737500000001,2020-05-28,2020,5,28
414.29416666666674,2020-05-29,2020,5,29
400.96999999999986,2020-05-30,2020,5,30
314.4141666666667,2020-05-31,2020,5,31
363.7166666666665,2020-06-01,2020,6,1
382.83125,2020-06-02,2020,6,2
350.6095833333333,2020-06-03,2020,6,3
345.7708333333333,2020-06-04,2020,6,4
367.87499999999983,2020-06-05,2020,6,5
375.35166666666674,2020-06-06,2020,6,6
361.8541666666666,2020-06-07,2020,6,7
406.205,2020-06-08,2020,6,8
420.0625,2020-06-09,2020,6,9
416.16208333333316,2020-06-10,2020,6,10
400.8404166666667,2020-06-11,2020,6,11
389.8454166666668,2020-06-12,2020,6,12
354.9329166666668,2020-06-13,2020,6,13
307.0137500000001,2020-06-14,2020,6,14
281.0795833333332,2020-06-15,2020,6,15
279.4120833333333,2020-06-16,2020,6,16
310.06208333333336,2020-06-17,2020,6,17
265.11499999999984,2020-06-18,2020,6,18
254.6549999999999,2020-06-19,2020,6,19
238.8808333333333,2020-06-20,2020,6,20
234.19916666666666,2020-06-21,2020,6,21
220.93166666666664,2020-06-22,2020,6,22
234.24333333333325,2020-06-23,2020,6,23
227.2858333333334,2020-06-24,2020,6,24
250.04958333333323,2020-06-25,2020,6,25
251.97249999999994,2020-06-26,2020,6,26
240.98125000000002,2020-06-27,2020,6,27
215.6545833333333,2020-06-28,2020,6,28
224.32458333333338,2020-06-29,2020,6,29
225.56999999999996,2020-06-30,2020,6,30
239.3366666666667,2020-07-01,2020,7,1
209.18333333333337,2020-07-02,2020,7,2
200.27166666666662,2020-07-03,2020,7,3
178.56500000000003,2020-07-04,2020,7,4
163.8975,2020-07-05,2020,7,5
146.61250000000007,2020-07-06,2020,7,6
149.8220833333333,2020-07-07,2020,7,7
149.8641666666666,2020-07-08,2020,7,8
140.7483333333333,2020-07-09,2020,7,9
151.2791666666666,2020-07-10,2020,7,10
132.59916666666666,2020-07-11,2020,7,11
118.47333333333334,2020-07-12,2020,7,12
143.68875000000006,2020-07-13,2020,7,13
138.72208333333333,2020-07-14,2020,7,14
148.69500000000002,2020-07-15,2020,7,15
147.89833333333337,2020-07-16,2020,7,16
143.455,2020-07-17,2020,7,17
133.48583333333337,2020-07-18,2020,7,18
130.27000000000004,2020-07-19,2020,7,19
155.29500000000004,2020-07-20,2020,7,20
162.4375,2020-07-21,2020,7,21
167.11083333333337,2020-07-22,2020,7,22
173.0558333333333,2020-07-23,2020,7,23
177.44624999999996,2020-07-24,2020,7,24
182.21,2020-07-25,2020,7,25
178.07083333333333,2020-07-26,2020,7,26
156.08166666666668,2020-07-27,2020,7,27
148.83750000000003,2020-07-28,2020,7,28
143.9708333333334,2020-07-29,2020,7,29
134.3879166666667,2020-07-30,2020,7,30
117.4575,2020-07-31,2020,7,31
131.5241666666667,2020-08-01,2020,8,1
131.28916666666663,2020-08-02,2020,8,2
146.39333333333337,2020-08-03,2020,8,3
152.59500000000003,2020-08-04,2020,8,4
143.4358333333333,2020-08-05,2020,8,5
159.2075,2020-08-06,2020,8,6
171.85833333333326,2020-08-07,2020,8,7
191.57499999999993,2020-08-08,2020,8,8
200.20499999999996,2020-08-09,2020,8,9
197.25583333333327,2020-08-10,2020,8,10
201.05000000000004,2020-08-11,2020,8,11
186.96416666666667,2020-08-12,2020,8,12
182.20249999999996,2020-08-13,2020,8,13
170.8133333333333,2020-08-14,2020,8,14
154.3066666666666,2020-08-15,2020,8,15
149.49166666666662,2020-08-16,2020,8,16
170.86333333333337,2020-08-17,2020,8,17
166.0983333333334,2020-08-18,2020,8,18
150.7683333333333,2020-08-19,2020,8,19
151.22166666666666,2020-08-20,2020,8,20
145.72666666666666,2020-08-21,2020,8,21
149.34708333333333,2020-08-22,2020,8,22
149.14666666666662,2020-08-23,2020,8,23
146.21250000000003,2020-08-24,2020,8,24
146.22750000000002,2020-08-25,2020,8,25
136.99458333333328,2020-08-26,2020,8,26
147.9791666666667,2020-08-27,2020,8,27
153.9829166666667,2020-08-28,2020,8,28
156.63666666666657,2020-08-29,2020,8,29
151.10833333333338,2020-08-30,2020,8,30
135.48833333333334,2020-08-31,2020,8,31
163.68499999999997,2020-09-01,2020,9,1
171.79583333333332,2020-09-02,2020,9,2
171.30499999999998,2020-09-03,2020,9,3
165.86333333333343,2020-09-04,2020,9,4
168.48583333333337,2020-09-05,2020,9,5
162.18416666666673,2020-09-06,2020,9,6
164.8741666666667,2020-09-07,2020,9,7
164.37416666666667,2020-09-08,2020,9,8
144.62916666666663,2020-09-09,2020,9,9
146.9558333333334,2020-09-10,2020,9,10
149.3266666666667,2020-09-11,2020,9,11
154.3933333333333,2020-09-12,2020,9,12
141.55916666666667,2020-09-13,2020,9,13
140.39625000000004,2020-09-14,2020,9,14
161.14416666666665,2020-09-15,2020,9,15
159.48416666666665,2020-09-16,2020,9,16
138.18375000000006,2020-09-17,2020,9,17
162.9316666666666,2020-09-18,2020,9,18
159.46499999999997,2020-09-19,2020,9,19
136.92541666666668,2020-09-20,2020,9,20
152.5066666666666,2020-09-21,2020,9,21
165.9454166666667,2020-09-22,2020,9,22
145.49458333333337,2020-09-23,2020,9,23
142.30166666666673,2020-09-24,2020,9,24
133.8783333333333,2020-09-25,2020,9,25
150.2133333333334,2020-09-26,2020,9,26
123.84000000000002,2020-09-27,2020,9,27
124.48958333333333,2020-09-28,2020,9,28
122.3508333333333,2020-09-29,2020,9,29
139.2216666666666,2020-09-30,2020,9,30
154.665,2020-10-01,2020,10,1
148.9975000000001,2020-10-02,2020,10,2
140.01125,2020-10-03,2020,10,3
113.06375000000001,2020-10-04,2020,10,4
147.18374999999995,2020-10-05,2020,10,5
139.10874999999996,2020-10-06,2020,10,6
158.14333333333343,2020-10-07,2020,10,7
168.60166666666663,2020-10-08,2020,10,8
161.9270833333334,2020-10-09,2020,10,9
181.0616666666667,2020-10-10,2020,10,10
162.2058333333334,2020-10-11,2020,10,11
192.16250000000005,2020-10-12,2020,10,12
206.75,2020-10-13,2020,10,13
191.31666666666672,2020-10-14,2020,10,14
191.7641666666667,2020-10-15,2020,10,15
187.04833333333337,2020-10-16,2020,10,16
207.17333333333332,2020-10-17,2020,10,17
194.08249999999995,2020-10-18,2020,10,18
185.47333333333336,2020-10-19,2020,10,19
205.0995833333333,2020-10-20,2020,10,20
258.8341666666666,2020-10-21,2020,10,21
295.5600000000001,2020-10-22,2020,10,22
323.0983333333332,2020-10-23,2020,10,23
275.7537499999999,2020-10-24,2020,10,24
204.54458333333332,2020-10-25,2020,10,25
243.0516666666667,2020-10-26,2020,10,26
264.4420833333334,2020-10-27,2020,10,27
238.4125000000001,2020-10-28,2020,10,28
218.28125,2020-10-29,2020,10,29
202.5258333333334,2020-10-30,2020,10,30
187.3370833333333,2020-10-31,2020,10,31
142.21666666666673,2020-11-01,2020,11,1
189.4770833333333,2020-11-02,2020,11,2
217.14291666666668,2020-11-03,2020,11,3
201.20416666666665,2020-11-04,2020,11,4
201.47791666666674,2020-11-05,2020,11,5
237.94666666666657,2020-11-06,2020,11,6
209.455,2020-11-07,2020,11,7
208.35833333333338,2020-11-08,2020,11,8
214.26166666666668,2020-11-09,2020,11,9
219.47458333333338,2020-11-10,2020,11,10
221.11499999999998,2020-11-11,2020,11,11
181.0941666666666,2020-11-12,2020,11,12
188.84875000000002,2020-11-13,2020,11,13
149.44083333333333,2020-11-14,2020,11,14
117.17375000000003,2020-11-15,2020,11,15
114.62416666666668,2020-11-16,2020,11,16
139.2120833333333,2020-11-17,2020,11,17
159.58916666666667,2020-11-18,2020,11,18
148.23125,2020-11-19,2020,11,19
152.71375,2020-11-20,2020,11,20
159.83666666666664,2020-11-21,2020,11,21
133.4504166666666,2020-11-22,2020,11,22
209.84958333333336,2020-11-23,2020,11,23
274.7066666666666,2020-11-24,2020,11,24
187.31166666666672,2020-11-25,2020,11,25
204.67,2020-11-26,2020,11,26
180.26291666666668,2020-11-27,2020,11,27
156.09291666666667,2020-11-28,2020,11,28
143.65250000000003,2020-11-29,2020,11,29
136.57416666666666,2020-11-30,2020,11,30
130.9133333333333,2020-12-01,2020,12,1
120.80916666666663,2020-12-02,2020,12,2
115.08416666666665,2020-12-03,2020,12,3
115.67666666666666,2020-12-04,2020,12,4
112.45750000000005,2020-12-05,2020,12,5
121.15916666666665,2020-12-06,2020,12,6
135.83666666666664,2020-12-07,2020,12,7
123.52500000000005,2020-12-08,2020,12,8
132.77125000000004,2020-12-09,2020,12,9
131.9583333333333,2020-12-10,2020,12,10
146.04166666666669,2020-12-11,2020,12,11
148.26583333333326,2020-12-12,2020,12,12
162.4333333333334,2020-12-13,2020,12,13
171.7883333333333,2020-12-14,2020,12,14
192.35333333333338,2020-12-15,2020,12,15
198.66833333333332,2020-12-16,2020,12,16
190.05999999999995,2020-12-17,2020,12,17
205.15250000000006,2020-12-18,2020,12,18
210.4375,2020-12-19,2020,12,19
208.5766666666666,2020-12-20,2020,12,20
223.56416666666667,2020-12-21,2020,12,21
204.81499999999997,2020-12-22,2020,12,22
207.36499999999998,2020-12-23,2020,12,23
210.6066666666666,2020-12-24,2020,12,24
182.4141666666667,2020-12-25,2020,12,25
164.6258333333333,2020-12-26,2020,12,26
132.31625,2020-12-27,2020,12,27
170.20916666666668,2020-12-28,2020,12,28
173.31916666666663,2020-12-29,2020,12,29
170.8579166666667,2020-12-30,2020,12,30
146.07166666666674,2020-12-31,2020,12,31
152.35166666666663,2021-01-01,2021,1,1
130.0541666666667,2021-01-02,2021,1,2
137.78499999999997,2021-01-03,2021,1,3
153.23958333333334,2021-01-04,2021,1,4
171.19999999999993,2021-01-05,2021,1,5
181.97333333333333,2021-01-06,2021,1,6
175.62041666666664,2021-01-07,2021,1,7
173.2729166666667,2021-01-08,2021,1,8
155.77666666666673,2021-01-09,2021,1,9
153.6929166666666,2021-01-10,2021,1,10
158.79,2021-01-11,2021,1,11
136.24791666666667,2021-01-12,2021,1,12
133.34666666666664,2021-01-13,2021,1,13
137.1954166666666,2021-01-14,2021,1,14
150.00666666666666,2021-01-15,2021,1,15
144.63333333333333,2021-01-16,2021,1,16
158.27833333333325,2021-01-17,2021,1,17
174.45250000000007,2021-01-18,2021,1,18
179.6883333333333,2021-01-19,2021,1,19
192.21416666666673,2021-01-20,2021,1,20
199.4525,2021-01-21,2021,1,21
210.52750000000012,2021-01-22,2021,1,22
233.89666666666668,2021-01-23,2021,1,23
216.63166666666675,2021-01-24,2021,1,24
246.65333333333328,2021-01-25,2021,1,25
240.69375000000005,2021-01-26,2021,1,26
234.4633333333334,2021-01-27,2021,1,27
236.14999999999995,2021-01-28,2021,1,28
220.71249999999998,2021-01-29,2021,1,29
221.1541666666667,2021-01-30,2021,1,30
215.5883333333334,2021-01-31,2021,1,31
237.6341666666666,2021-02-01,2021,2,1
279.7058333333335,2021-02-02,2021,2,2
286.48333333333323,2021-02-03,2021,2,3
256.17583333333334,2021-02-04,2021,2,4
250.33583333333323,2021-02-05,2021,2,5
261.65750000000014,2021-02-06,2021,2,6
258.12666666666667,2021-02-07,2021,2,7
276.9891666666668,2021-02-08,2021,2,8
289.1766666666666,2021-02-09,2021,2,9
294.9724999999999,2021-02-10,2021,2,10
292.37916666666655,2021-02-11,2021,2,11
291.2533333333334,2021-02-12,2021,2,12
280.26500000000004,2021-02-13,2021,2,13
253.46708333333333,2021-02-14,2021,2,14
285.3083333333333,2021-02-15,2021,2,15
292.7191666666667,2021-02-16,2021,2,16
301.8733333333333,2021-02-17,2021,2,17
271.2950000000001,2021-02-18,2021,2,18
270.6666666666667,2021-02-19,2021,2,19
266.4004166666667,2021-02-20,2021,2,20
260.3016666666668,2021-02-21,2021,2,21
274.79416666666657,2021-02-22,2021,2,22
265.2041666666667,2021-02-23,2021,2,23
247.01916666666668,2021-02-24,2021,2,24
251.15666666666652,2021-02-25,2021,2,25
280.36999999999995,2021-02-26,2021,2,26
256.26833333333343,2021-02-27,2021,2,27
231.53958333333333,2021-02-28,2021,2,28
217.41666666666666,2021-03-01,2021,3,1
218.34333333333345,2021-03-02,2021,3,2
201.65083333333337,2021-03-03,2021,3,3
179.19250000000002,2021-03-04,2021,3,4
199.79333333333338,2021-03-05,2021,3,5
180.51166666666663,2021-03-06,2021,3,6
173.4333333333333,2021-03-07,2021,3,7
197.35833333333332,2021-03-08,2021,3,8
181.4375,2021-03-09,2021,3,9
174.42416666666676,2021-03-10,2021,3,10
167.42333333333337,2021-03-11,2021,3,11
174.4216666666667,2021-03-12,2021,3,12
177.0354166666667,2021-03-13,2021,3,13
153.2008333333334,2021-03-14,2021,3,14
183.24750000000006,2021-03-15,2021,3,15
185.00916666666663,2021-03-16,2021,3,16
169.91250000000002,2021-03-17,2021,3,17
170.96750000000006,2021-03-18,2021,3,18
152.0983333333333,2021-03-19,2021,3,19
131.77833333333336,2021-03-20,2021,3,20
122.99833333333332,2021-03-21,2021,3,21
127.39666666666666,2021-03-22,2021,3,22
135.76000000000008,2021-03-23,2021,3,23
128.26916666666665,2021-03-24,2021,3,24
138.58666666666662,2021-03-25,2021,3,25
137.76749999999996,2021-03-26,2021,3,26
144.73999999999992,2021-03-27,2021,3,27
147.77750000000003,2021-03-28,2021,3,28
155.1433333333333,2021-03-29,2021,3,29
160.1066666666667,2021-03-30,2021,3,30
155.60166666666663,2021-03-31,2021,3,31
142.415,2021-04-01,2021,4,1
142.9883333333334,2021-04-02,2021,4,2
143.90166666666676,2021-04-03,2021,4,3
149.6399999999999,2021-04-04,2021,4,4
167.55833333333328,2021-04-05,2021,4,5
155.70499999999996,2021-04-06,2021,4,6
146.53458333333336,2021-04-07,2021,4,7
143.79750000000007,2021-04-08,2021,4,8
154.62333333333336,2021-04-09,2021,4,9
133.24083333333326,2021-04-10,2021,4,10
127.84999999999995,2021-04-11,2021,4,11
135.75833333333338,2021-04-12,2021,4,12
147.11749999999998,2021-04-13,2021,4,13
142.06166666666667,2021-04-14,2021,4,14
139.43249999999992,2021-04-15,2021,4,15
152.2350000000001,2021-04-16,2021,4,16
160.395,2021-04-17,2021,4,17
153.16666666666666,2021-04-18,2021,4,18
166.77500000000006,2021-04-19,2021,4,19
165.665,2021-04-20,2021,4,20
179.15833333333342,2021-04-21,2021,4,21
170.8516666666666,2021-04-22,2021,4,22
